Algorithm,Language,Size,Num_Typos,C_ms,CUDA_Global_ms,CUDA_Shared_ms,Speedup_Global_vs_C,Speedup_Shared_vs_C,Speedup_Shared_vs_Global
Levenshtein,MK,250,250,5.4154,1.6645,0.5275,3.25,10.27,3.16
Damerau-Levenshtein,MK,250,250,7.6324,0.2964,0.2893,25.75,26.38,1.02
Myers Bit-Vector,MK,250,250,3.2053,0.3273,0.1665,9.79,19.25,1.97
Levenshtein,MK,500,500,5.3513,0.9419,0.5014,5.68,10.67,1.88
Damerau-Levenshtein,MK,500,500,7.6310,0.7383,0.2873,10.34,26.56,2.57
Myers Bit-Vector,MK,500,500,3.1783,0.5700,0.1703,5.58,18.66,3.35
Levenshtein,MK,1K,1000,5.3530,0.7907,0.5029,6.77,10.64,1.57
Damerau-Levenshtein,MK,1K,1000,7.5950,0.6044,0.2929,12.57,25.93,2.06
Myers Bit-Vector,MK,1K,1000,3.1831,0.4448,0.1774,7.16,17.94,2.51
Levenshtein,MK,1500,1500,5.4078,0.6968,0.5011,7.76,10.79,1.39
Damerau-Levenshtein,MK,1500,1500,7.6577,0.5052,0.3041,15.16,25.18,1.66
Myers Bit-Vector,MK,1500,1500,3.2124,0.3302,0.1827,9.73,17.58,1.81
Levenshtein,MK,2K,2000,5.1536,0.6937,0.5083,7.43,10.14,1.36
Damerau-Levenshtein,MK,2K,2000,7.2895,0.4416,0.2956,16.51,24.66,1.49
Myers Bit-Vector,MK,2K,2000,3.0469,0.2869,0.1774,10.62,17.17,1.62
Levenshtein,MK,2500,2500,5.4200,0.6244,0.4970,8.68,10.90,1.26
Damerau-Levenshtein,MK,2500,2500,7.7904,0.3915,0.2858,19.90,27.25,1.37
Myers Bit-Vector,MK,2500,2500,3.2192,0.2606,0.1661,12.35,19.39,1.57
Levenshtein,MK,3500,3499,5.4168,0.6033,0.4973,8.98,10.89,1.21
Damerau-Levenshtein,MK,3500,3499,7.6943,0.3668,0.2871,20.98,26.80,1.28
Myers Bit-Vector,MK,3500,3499,3.2287,0.2295,0.1663,14.07,19.42,1.38
Levenshtein,MK,5K,4999,5.4552,0.5580,0.4973,9.78,10.97,1.12
Damerau-Levenshtein,MK,5K,4999,7.7268,0.3565,0.2865,21.68,26.97,1.24
Myers Bit-Vector,MK,5K,4999,3.2353,0.2025,0.1657,15.98,19.52,1.22
Levenshtein,EN,250,250,5.3045,1.3613,0.4875,3.90,10.88,2.79
Damerau-Levenshtein,EN,250,250,7.3875,0.3176,0.2881,23.26,25.64,1.10
Myers Bit-Vector,EN,250,250,3.2146,0.3457,0.1755,9.30,18.32,1.97
Levenshtein,EN,500,500,5.4455,0.5599,0.4921,9.73,11.07,1.14
Damerau-Levenshtein,EN,500,500,7.5959,0.7411,0.2912,10.25,26.09,2.55
Myers Bit-Vector,EN,500,500,3.3110,0.6767,0.1794,4.89,18.46,3.77
Levenshtein,EN,1K,1000,5.4225,0.7796,0.4984,6.96,10.88,1.56
Damerau-Levenshtein,EN,1K,1000,7.5657,0.5510,0.2924,13.73,25.88,1.88
Myers Bit-Vector,EN,1K,1000,3.2778,0.4795,0.1772,6.84,18.50,2.71
Levenshtein,EN,1500,1500,5.4110,0.7369,0.4915,7.34,11.01,1.50
Damerau-Levenshtein,EN,1500,1500,7.5264,0.5097,0.2918,14.77,25.79,1.75
Myers Bit-Vector,EN,1500,1500,3.2740,0.3301,0.1762,9.92,18.59,1.87
Levenshtein,EN,2K,2000,5.1764,0.6772,0.4900,7.64,10.56,1.38
Damerau-Levenshtein,EN,2K,2000,7.2000,0.4220,0.2937,17.06,24.51,1.44
Myers Bit-Vector,EN,2K,2000,3.1060,0.2937,0.1823,10.58,17.04,1.61
Levenshtein,EN,2500,2500,5.4064,0.6351,0.4915,8.51,11.00,1.29
Damerau-Levenshtein,EN,2500,2500,7.5181,0.4091,0.2897,18.38,25.95,1.41
Myers Bit-Vector,EN,2500,2500,3.2574,0.2812,0.1698,11.58,19.19,1.66
Levenshtein,EN,3500,3499,5.4086,0.6021,0.4944,8.98,10.94,1.22
Damerau-Levenshtein,EN,3500,3499,7.5508,0.3737,0.2910,20.21,25.95,1.28
Myers Bit-Vector,EN,3500,3499,3.2741,0.2557,0.1708,12.80,19.16,1.50
Levenshtein,EN,5K,4999,5.4001,0.5592,0.4931,9.66,10.95,1.13
Damerau-Levenshtein,EN,5K,4999,7.5476,0.3444,0.2892,21.92,26.10,1.19
Myers Bit-Vector,EN,5K,4999,3.2660,0.2140,0.1707,15.26,19.14,1.25
Levenshtein,TR,250,249,5.4258,1.3065,0.4205,4.15,12.90,3.11
Damerau-Levenshtein,TR,250,249,7.7160,0.2211,0.2114,34.89,36.50,1.05
Myers Bit-Vector,TR,250,249,3.3306,0.1941,0.0936,17.16,35.60,2.07
Levenshtein,TR,500,498,5.3434,0.4704,0.4006,11.36,13.34,1.17
Damerau-Levenshtein,TR,500,498,7.6815,0.5623,0.1933,13.66,39.73,2.91
Myers Bit-Vector,TR,500,498,3.2862,0.4333,0.0710,7.58,46.26,6.10
Levenshtein,TR,1K,999,5.3608,0.7576,0.3906,7.08,13.72,1.94
Damerau-Levenshtein,TR,1K,999,7.6990,0.4552,0.1841,16.91,41.81,2.47
Myers Bit-Vector,TR,1K,999,3.2849,0.3275,0.0642,10.03,51.15,5.10
Levenshtein,TR,1500,1498,5.3928,0.5857,0.3890,9.21,13.86,1.51
Damerau-Levenshtein,TR,1500,1498,7.7393,0.3943,0.1812,19.63,42.71,2.18
Myers Bit-Vector,TR,1500,1498,3.3118,0.2520,0.0618,13.14,53.55,4.07
Levenshtein,TR,2K,1997,5.1580,0.5141,0.3712,10.03,13.90,1.39
Damerau-Levenshtein,TR,2K,1997,7.4315,0.3355,0.1738,22.15,42.75,1.93
Myers Bit-Vector,TR,2K,1997,3.1658,0.2023,0.0581,15.65,54.49,3.48
Levenshtein,TR,2500,2498,5.4135,0.5261,0.3865,10.29,14.01,1.36
Damerau-Levenshtein,TR,2500,2498,7.7855,0.2923,0.1788,26.64,43.54,1.63
Myers Bit-Vector,TR,2500,2498,3.3272,0.1621,0.0586,20.52,56.76,2.77
Levenshtein,TR,3500,3497,5.4070,0.4700,0.3860,11.50,14.01,1.22
Damerau-Levenshtein,TR,3500,3497,7.7890,0.2691,0.1784,28.95,43.65,1.51
Myers Bit-Vector,TR,3500,3497,3.3279,0.1371,0.0575,24.27,57.92,2.39
Levenshtein,TR,5K,5000,5.3964,0.5719,0.5086,9.44,10.61,1.12
Damerau-Levenshtein,TR,5K,5000,8.2863,0.3582,0.2915,23.13,28.43,1.23
Myers Bit-Vector,TR,5K,5000,3.3399,0.2141,0.1696,15.60,19.70,1.26
